849,Pune 
817,Mumbai
37,Hyderabad 
1172,Chennai
1475,Kolkata 
1351,Noida 
325,Delhi 
2,Port Blair
121,Tirupati
126,Vijayawada
128,Visakhapatnam
154,Dispur
159,Guwahati
786,Aurangabad
483,Bilaspur
294,Bilaspur
315,Raigarh
316,Raipur
321,Silvassa
322,Daman and Diu
328,Madgaon
330,Margao
331,Marmagao
332,Panaji
333,Ahmedabad
335,Anand
345,Gandhinagar
349,Jamnagar
385,Rajkot
408,Vapi
441,Faridabad
446,Gurgaon
486,Dharamsala
511,Bokaro Steel City
520,Dhanbad
531,Jamshedpur
543,Ranchi
560,Hubli
583,Mysore
653,Kochi
659,Kozhikode
696,Bhopal
705,Indore
707,Jabalpur
743,Pithampur
783,Ahmednagar
187,Aurangabad
796,Kalyan
800,Lonavla
819,Nagpur
826,Nashik
827,Navi Mumbai
837,Panvel
849,Pune
966,Bhubaneswar
995,Puri
998,Raurkela
1009,Pondicherry
1012,Amritsar
1088,Jaipur
1089,Jaisalmer
1090,Jodhpur
1091,Kota
1329,Kota
1301,Udaipur
1662,Udaipur
1174,Coimbatore
1175,Coonoor
1189,Madurai
1304,Agra
1306,Allahabad
1321,Greater Noida
1337,Lucknow
1448,Roorkee
793,Durgapur
1469,Durgapur
1471,Howrah
1475,Kolkata
1172,Chennai
1174,Coimbatore
1624,Canonsburg
1625,Lebanon
1626,Evanston
1627,Ann Arbor
1628,Irvine
1629,Newport Beach
1630,Milpitas
1631,San Jose
,San Francisco 
,Pittsburgh
1632,Concord
,Canada 
,Germany 
,Paris 
,Italy 
,Dubai 
,Saudi Arebia 
1633,Tokyo 
1634,Seoul
,Bangkok 
,Taipei 
1635,Shanghai 
,Warsaw 
,Turin 
,Istanbul 
,Munich 
